胫骨时间(ms),胫骨偏移(mm),股骨远端时间(ms),股骨远端偏移(mm),股骨前侧时间(ms),股骨前侧偏移(mm),股骨后侧时间(ms),股骨后侧偏移(mm),股骨后斜时间(ms),股骨后斜偏移(mm),股骨前斜时间(ms),股骨前斜偏移(mm)
22,0.095,60,-0.897,56,-0.025,45,-0.261,28,-0.488,20,0.317
129,0.201,152,-0.404,155,-0.247,130,0.588,128,0.56,112,-0.264
229,0.561,249,-0.781,249,-0.971,230,0.84,228,0.499,212,-0.327
329,0.609,332,-0.608,346,-1.27,314,0.804,328,0.708,312,-0.601
429,0.69,432,-0.625,448,-0.475,414,0.926,428,0.686,412,-0.64
529,0.955,532,-0.786,548,-3.237,498,0.87,529,0.671,512,-0.459
611,0.897,615,-0.169,648,-0.509,598,0.808,628,0.657,596,-0.292
712,1.196,715,0.257,731,0.37,704,0.58,725,0.97,696,0.104
794,0.6,815,0.577,831,0.036,788,0.18,823,0.99,796,-0.077
894,-0.014,915,0.305,931,0.28,888,-0.508,912,1.452,879,-0.39
994,0.061,1015,0.065,1015,0.198,988,-0.526,994,0.457,979,-0.432
1094,-0.084,1115,-0.374,1115,0.149,1088,-0.613,1084,0.01,1062,-0.285
1194,-0.074,1215,-0.548,1215,0.069,1188,-0.582,1193,-0.29,1162,0.189
1294,0.125,1315,-0.68,1315,-0.06,1288,-0.677,1293,-0.698,1262,0.237
1394,0.471,1415,-0.572,1415,-0.153,1388,-0.579,1377,-0.852,1362,0.023
1494,0.374,1515,-0.497,1515,-0.233,1488,-0.106,1477,-0.911,1462,-0.344
1594,0.566,1615,-0.545,1615,-0.387,1588,0.671,1577,-1.081,1562,-0.121
1694,0.49,1715,-0.632,1715,-0.478,1688,0.686,1675,0.6,1662,-0.158
1794,0.627,1815,-0.54,1815,-0.5,1788,0.46,1759,0.505,1762,-0.455
1894,0.626,1915,-0.342,1915,-0.377,1888,0.195,1858,0.465,1862,-0.59
1994,0.188,2015,-0.491,2015,-0.378,1971,0.329,1941,0.288,1962,-0.592
2094,0.258,2115,-0.443,2098,-0.294,2071,0.148,2041,0.139,2062,-0.575
2194,0.207,2215,-0.491,2198,-0.376,2171,-0.047,2141,-0.014,2162,-0.647
2294,0.132,2315,-0.605,2298,-0.308,2271,-0.066,2241,-0.118,2262,-0.654
2394,0.142,2415,-0.672,2398,-0.117,2371,-0.18,2341,-0.22,2362,-0.763
2494,0.076,2515,-0.666,2498,-0.251,2471,-0.288,2441,-0.24,2462,-0.781
2594,0.469,2615,-0.714,2598,-0.375,2571,-0.389,2541,-0.271,2562,-0.747
2694,0.294,2715,-0.561,2698,-0.457,2654,-0.347,2641,-0.497,2662,-0.68
2794,0.358,2815,-0.859,2798,-0.356,2754,-0.348,2741,-0.532,2762,-0.59
2894,0.163,2915,-0.812,2898,-0.369,2854,-0.342,2841,-0.469,2862,-0.592
2994,0.195,3015,-0.713,2998,-0.382,2954,-0.359,2941,-0.559,2962,-0.829
3077,0.347,3115,-0.691,3098,-0.346,3038,-0.359,3041,-0.658,3062,-0.561
3177,0.489,3215,-0.666,3198,-0.342,3138,-0.136,3141,-0.548,3162,-0.464
3277,0.526,3298,-0.666,3298,-0.312,3238,-0.154,3241,-0.722,3262,-0.512
3360,0.538,3398,-0.791,3398,-0.473,3321,-0.253,3341,-0.662,3362,-0.614
3460,0.602,3498,-0.642,3498,-0.379,3421,-0.255,3441,-0.666,3462,-0.666
3544,0.561,3598,-0.705,3581,-0.014,3504,-0.401,3541,-0.549,3562,-0.654
3644,0.677,3698,-0.741,3681,-0.136,3604,-0.294,3641,-0.537,3662,-0.637
3744,0.428,3798,-0.748,3781,-0.114,3704,-0.207,3741,-0.535,3762,-0.594
3844,0.41,3898,-0.804,3882,-0.295,3804,-0.148,3841,-0.383,3862,-0.602
3944,0.639,3982,-0.954,3981,-0.107,3904,-0.073,3941,-0.557,3962,-0.515
4027,0.859,4065,-1.048,4081,-0.172,4005,-0.112,4041,-0.803,4063,-0.646
4127,0.831,4133,-0.914,4182,-0.025,4104,-0.177,4142,-1.011,4162,-0.753
4227,0.81,4242,-0.669,4281,-0.064,4204,-0.076,4212,-0.684,4262,-0.605
4327,0.383,4342,-0.442,4381,-0.402,4305,-0.09,4311,0.001,4362,-0.643
4427,0.612,4442,0.105,4481,-1.15,4404,0.084,4411,0.512,4462,-0.66
4527,0.709,4525,-0.263,4585,-0.547,4504,0.087,4511,0.358,4546,-0.511
4627,0.747,4625,-0.245,4683,-0.856,4605,0.15,4611,0.392,4646,-0.596
4727,0.822,4725,-0.261,4783,-0.77,4704,0.234,4712,0.434,4746,-0.609
4827,0.656,4825,-0.273,4884,-0.781,4804,0.453,4811,0.334,4846,-0.527
4927,0.607,4925,-0.191,4983,-0.9,4904,0.548,4911,0.334,4946,-0.389
5027,0.513,5025,-0.167,5058,-0.829,5004,0.346,5011,0.448,5046,-0.434
5127,0.624,5125,-0.264,5151,-0.023,5105,0.452,5111,0.601,5146,-0.487
5227,0.847,5209,-0.226,5251,0.118,5204,0.5,5211,0.571,5246,-0.532
5327,0.825,5308,-0.476,5334,-0.248,5304,0.618,5312,1.076,5346,-0.685
5427,0.737,5408,-0.522,5434,-0.869,5405,0.372,5393,0.673,5446,-0.652
5527,0.56,5508,-0.4,5516,-0.185,5504,0.626,5493,0.558,5546,-0.482
5627,0.437,5608,-0.421,5616,0.594,5604,0.244,5593,0.364,5646,-0.469
5727,0.484,5708,-0.468,5698,0.954,5704,0.129,5676,0.379,5729,-0.478
5827,0.361,5808,-0.506,5797,0.596,5804,-0.264,5776,0.383,5813,-0.843
5927,0.607,5908,-0.659,5881,0.123,5904,-0.206,5876,0.422,5913,-0.639
6027,0.576,6008,-0.53,5981,-0.057,6004,-0.393,5976,0.403,6013,-0.444
6127,0.425,6108,-0.406,6081,-0.11,6105,-0.35,6076,0.484,6097,-0.527
6227,0.426,6208,-0.461,6164,-0.102,6204,-0.355,6176,0.95,6197,-0.477
6327,0.275,6308,-0.498,6264,0.145,6304,-0.456,6258,0.556,6296,-0.479
6427,0.233,6408,-0.55,6364,0.167,6405,-0.383,6358,0.43,6379,-0.37
6527,0.118,6508,-0.82,6447,0.21,6488,-0.214,6458,0.591,6479,-0.384
6627,0.046,6608,-0.738,6547,0.332,6588,-0.367,6558,0.207,6579,-0.554
6727,-0.107,6709,-0.592,6631,0.147,,,6658,0.357,6679,-0.423
6827,-0.213,6809,-0.723,6731,-0.035,,,6758,0.162,6779,-0.324
6927,-0.227,6908,-0.594,6831,0.302,,,6858,0.045,6879,-0.412
7027,-0.166,7008,-0.693,6931,0.286,,,6958,0.045,6979,-0.377
7127,-0.178,7108,-0.73,7031,0.307,,,7058,0.03,7079,-0.236
7227,0.052,7208,-0.766,7131,0.258,,,7158,0.147,7179,-0.158
7327,0.116,7308,-0.665,7231,0.393,,,7258,0.119,7279,-0.335
7427,0.018,7409,-0.656,7331,0.242,,,7358,-0.002,7379,-0.354
7511,-0.245,7508,-0.679,7431,0.133,,,7458,-0.193,7480,-0.395
7611,0.053,7608,-0.789,7531,0.132,,,7558,-0.172,7579,-0.215
7711,0.116,7709,-0.841,7631,0.173,,,7658,-0.31,7679,-0.496
7811,0.228,7808,-0.768,7731,0.095,,,7758,-0.231,7779,-0.542
7911,0.045,7909,-0.718,7831,0.258,,,7858,-0.08,7879,-0.327
8011,0.143,8008,-0.913,7931,0.178,,,7958,-0.207,7979,-0.357
8111,-0.001,8108,-0.769,8031,0.059,,,8058,-0.18,8079,-0.505
8211,-0.037,8209,-0.828,8131,0.047,,,8158,-0.272,8179,-0.327
8311,0.123,8308,-0.895,8231,-0.107,,,8258,-0.184,8279,-0.275
8411,0.193,8408,-0.869,8331,0.005,,,8358,0.029,8379,-0.169
8511,0.06,8508,-0.738,8431,0.027,,,8441,-0.067,8479,-0.32
8610,0.144,8609,-0.667,8531,0.019,,,8541,-0.049,8579,-0.186
8711,0.183,8692,-1.005,8631,0.157,,,8641,-0.073,8679,-0.202
8811,-0.168,8802,-1.011,8731,0.262,,,8741,0.016,8779,-0.28
8911,-0.095,8877,-0.631,8831,0.22,,,8841,0.097,8879,-0.382
9011,0.026,8977,-0.524,8931,0.221,,,8942,-0.028,8979,-0.45
9111,0.118,9061,-0.591,9031,0.253,,,9042,-0.031,9079,-0.336
9211,0.075,9137,0.073,9131,0.428,,,9141,0.071,9179,0.123
9311,0.005,9243,0.086,9231,0.228,,,9242,0.091,9279,-0.813
9411,0.001,9343,0.14,9331,0.236,,,9341,0.12,9377,-0.779
9511,0.09,9443,-0.3,9431,0.323,,,9441,0.064,9463,-0.263
9611,0.104,9543,-0.034,9531,0.353,,,9542,0.18,9563,0.269
9711,0.21,9643,-0.229,9614,0.319,,,9641,0.177,9663,0.149
9811,0.26,9743,-0.253,9714,0.226,,,9741,0.034,9746,0.321
,,9843,-0.433,9797,0.275,,,,,9846,0.434
,,9943,-0.412,9881,0.167,,,,,9946,0.362
,,10043,-0.418,9981,0.08,,,,,10046,0.362
,,10143,-0.441,10081,0.079,,,,,10146,0.308
,,10243,-0.561,10181,-0.073,,,,,10246,0.153
,,10343,-0.632,10281,0.273,,,,,10346,0.114
,,10443,-0.463,10381,0.175,,,,,10446,0.253
,,10543,-0.593,10481,0.329,,,,,10546,0.17
,,10643,-0.502,10581,0.006,,,,,10646,0.292
,,10743,-0.714,10664,-0.144,,,,,10745,0.266
,,10843,-0.725,10764,-0.067,,,,,10845,0.362
,,10943,-0.758,10864,-0.003,,,,,10946,0.212
,,11043,-0.744,10947,-0.063,,,,,11046,0.339
,,11143,-0.882,11047,-0.171,,,,,11145,0.258
,,11243,-0.843,11131,0.012,,,,,11246,0.207
,,11343,-0.842,11231,0.022,,,,,11329,0.179
,,11443,-1.001,11331,0.079,,,,,11413,0.266
,,11552,-1.037,11414,0.21,,,,,11512,0.317
,,11633,-0.96,11514,0.238,,,,,11596,0.45
,,11733,-0.6,11615,0.167,,,,,11696,0.241
,,11817,-0.494,11714,0.289,,,,,11779,0.279
,,11917,-0.344,11814,0.22,,,,,11862,0.197
,,12000,-0.211,11914,0.392,,,,,11962,0.166
,,12101,-0.307,12014,0.427,,,,,12062,0.198
,,12200,-0.447,12114,0.446,,,,,12146,0.121
,,12285,-0.463,12214,0.39,,,,,12246,0.355
,,12381,-0.505,12314,0.358,,,,,12346,0.286
,,12475,-0.389,12415,0.373,,,,,12446,0.277
,,12575,-0.558,12514,0.256,,,,,12546,0.324
,,12658,-0.434,12614,0.354,,,,,12646,0.317
,,12758,-0.503,12714,0.275,,,,,12729,0.454
,,12858,-0.426,12814,0.279,,,,,12812,0.214
,,12958,-0.555,12914,0.405,,,,,12912,0.424
,,13058,-0.465,13014,0.389,,,,,13012,0.257
,,13158,-0.492,13114,0.341,,,,,13112,0.193
,,13258,-0.646,13214,0.236,,,,,13212,0.292
,,13358,-0.503,13314,0.019,,,,,13312,0.22
,,13458,-0.606,13414,-0.104,,,,,13396,0.308
,,13558,-0.793,13514,0.104,,,,,13479,0.308
,,13658,-0.739,13614,-0.017,,,,,13579,0.091
,,13758,-0.828,13714,-0.091,,,,,13679,0.183
,,13858,-0.802,13814,-0.233,,,,,13779,0.135
,,13958,-0.742,13914,0.215,,,,,13879,0.158
,,14058,-0.718,14014,0.227,,,,,13979,0.016
,,14145,-0.669,14114,0.031,,,,,14063,0.177
,,14242,-0.317,14214,0.035,,,,,14162,0.208
,,14342,-0.138,14314,-0.065,,,,,14263,0.41
,,14425,-0.214,14414,-0.108,,,,,14362,0.23
,,14525,-0.136,14514,-0.168,,,,,14463,0.313
,,14625,-0.104,14598,-0.32,,,,,14563,0.461
,,14708,-0.144,14698,-0.109,,,,,14663,0.297
,,14808,-0.103,14798,-0.257,,,,,14746,0.625
,,14908,-0.247,14898,-0.122,,,,,14848,0.586
,,15008,-0.286,14998,-0.055,,,,,14946,0.344
,,15108,-0.463,15098,-0.141,,,,,15046,0.429
,,15208,-0.518,15198,-0.197,,,,,15146,0.563
,,15308,-0.51,15298,-0.161,,,,,15246,0.369
,,15392,-0.455,15398,-0.232,,,,,15346,0.478
,,15491,-0.597,15498,-0.209,,,,,15446,0.404
,,15592,-0.468,15598,-0.216,,,,,15546,0.443
,,15675,-0.518,15698,-0.202,,,,,15646,0.322
,,15758,-0.378,15781,-0.151,,,,,15746,0.077
,,15842,-0.48,15864,-0.164,,,,,15846,0.086
,,15942,-0.557,15964,0.078,,,,,15946,0.101
,,16042,-0.483,16064,0.105,,,,,16046,0.066
,,16142,-0.532,16164,0.336,,,,,16146,-0.09
,,16242,-0.723,16264,0.237,,,,,16246,-0.21
,,16342,-0.812,16348,0.416,,,,,16346,-0.351
,,16442,-0.722,16448,0.402,,,,,16446,-0.895
,,16542,-0.707,16548,0.414,,,,,16546,-0.843
,,16642,-0.723,16648,0.319,,,,,16646,-0.754
,,16742,-0.84,16748,0.353,,,,,16746,-0.668
,,16842,-0.913,16848,0.346,,,,,16846,-0.348
,,16942,-0.807,16948,0.211,,,,,16946,-0.38
,,17042,-0.737,17048,0.178,,,,,17046,-0.228
,,17142,-0.641,17148,0.161,,,,,17146,-0.157
,,17242,-0.753,17248,0.143,,,,,17229,-0.246
,,17342,-0.425,17348,0.085,,,,,17329,-0.447
,,17442,-0.452,17448,0.032,,,,,17429,-0.37
,,17542,-0.448,17548,-0.105,,,,,17512,-0.341
,,17642,-0.495,17631,-0.163,,,,,17612,-0.349
,,17742,-0.542,17731,-0.268,,,,,17713,-0.389
,,17825,-0.574,17814,-0.229,,,,,17796,-0.286
,,17925,-0.548,17914,-0.115,,,,,17896,-0.35
,,18025,-0.56,18014,-0.155,,,,,17979,-0.221
,,18125,-0.607,18098,-0.128,,,,,18079,-0.301
,,18225,-0.598,18198,-0.294,,,,,18179,-0.29
,,18325,-0.672,18298,-0.298,,,,,18279,-0.285
,,18425,-0.684,18398,-0.184,,,,,18379,-0.477
,,18525,-0.702,18498,-0.325,,,,,18479,-0.401
,,18625,-0.764,18598,-0.238,,,,,18579,-0.099
,,18725,-0.6,18698,-0.014,,,,,18679,-0.335
,,18825,-0.606,18798,-0.078,,,,,18779,-0.398
,,18925,-0.574,18898,-0.117,,,,,18879,-0.148
,,19025,-0.762,18998,0.067,,,,,18979,-0.279
,,19125,-0.778,19098,-0.045,,,,,19079,-0.348
,,19225,-0.843,19198,-0.152,,,,,19179,-0.172
,,19325,-0.643,19298,-0.089,,,,,19279,-0.359
,,19425,-0.639,19398,-0.041,,,,,19379,-0.299
,,19525,-0.659,19498,-0.114,,,,,19479,-0.065
,,19625,-0.693,19598,-0.153,,,,,19579,-0.225
,,19725,-0.824,19698,-0.117,,,,,19679,-0.284
,,19825,-0.769,19781,-0.156,,,,,19779,-0.15
,,19925,-0.569,19881,-0.177,,,,,19879,-0.291
,,20025,-0.741,19981,-0.17,,,,,19979,-0.451
,,20125,-0.887,20064,-0.18,,,,,20079,-0.283
,,20225,-0.905,20165,-0.252,,,,,20179,-0.395
,,20325,-0.888,20264,-0.127,,,,,20279,-0.543
,,20425,-0.87,20348,-0.064,,,,,20379,-0.301
,,20525,-0.709,20448,-0.006,,,,,20479,-0.385
,,20625,-0.71,20531,0.048,,,,,20579,-0.585
,,20725,-0.817,20614,0.105,,,,,20679,-0.299
,,20825,-0.787,20715,0.231,,,,,20779,-0.449
,,20925,-0.758,20815,0.031,,,,,20879,-0.689
,,21025,-0.81,20898,0.122,,,,,20979,-0.444
,,21125,-0.705,20998,0.11,,,,,21079,-0.193
,,21225,-0.759,21081,0.213,,,,,21179,-0.183
,,21325,-0.818,21165,0.193,,,,,21263,-0.315
,,21425,-0.786,21265,0.202,,,,,21362,-0.523
,,21509,-0.717,21348,0.129,,,,,21462,-0.522
,,21608,-0.471,21431,0.137,,,,,21546,-0.353
,,21708,-0.424,21531,0.241,,,,,21629,-0.283
,,21808,-0.413,21631,0.3,,,,,21729,-0.438
,,21909,-0.393,21714,0.334,,,,,21829,-0.358
,,22008,-0.382,21815,0.229,,,,,21929,-0.317
,,22092,-0.372,21914,0.298,,,,,22029,-0.333
,,22192,-0.451,21998,0.214,,,,,22129,-0.151
,,22275,-0.434,22081,0.246,,,,,22229,-0.249
,,22375,-0.621,22181,0.265,,,,,22329,-0.628
,,22458,-0.621,22281,0.198,,,,,22429,-0.344
,,22542,-0.581,22381,0.187,,,,,22529,-0.189
,,22642,-0.525,22481,0.34,,,,,22629,-0.329
,,22725,-0.526,22582,0.337,,,,,22729,-0.378
,,22825,-0.445,22682,0.628,,,,,22829,-0.249
,,22925,-0.487,22765,0.357,,,,,22929,-0.207
,,23008,-0.384,22865,0.174,,,,,23029,-0.274
,,23108,-0.487,22965,0.115,,,,,23129,-0.493
,,23209,-0.473,23048,0.509,,,,,23230,-0.283
,,23309,-0.438,23148,0.433,,,,,23329,-0.388
,,23409,-0.479,23248,0.233,,,,,23413,-0.358
,,23508,-0.487,23348,0.019,,,,,23512,-0.244
,,23608,-0.67,23448,-0.161,,,,,23613,-0.184
,,23709,-0.784,23548,-0.386,,,,,23713,-0.317
,,23809,-0.667,23648,-0.439,,,,,23813,-0.394
,,23909,-0.666,23731,-0.366,,,,,23913,-0.198
,,23992,-0.688,23831,-0.452,,,,,24013,-0.362
,,24092,-0.666,23931,-0.375,,,,,24113,-0.214
,,24192,-0.732,24031,-0.443,,,,,24213,-0.018
,,24292,-0.722,24131,-0.281,,,,,24313,0.008
,,24392,-0.649,24231,-0.331,,,,,24413,0.072
,,24492,-0.765,24331,-0.32,,,,,24513,0.087
,,24592,-0.706,24415,-0.335,,,,,24613,0.195
,,24692,-0.764,24515,-0.232,,,,,24713,0.118
,,24792,-0.579,24615,-0.205,,,,,24813,-0.025
,,24892,-0.489,24715,-0.131,,,,,24913,-0.011
,,24992,-0.493,24815,-0.378,,,,,25013,-0.198
,,25092,-0.516,24915,-0.379,,,,,25113,0.123
,,25192,-0.55,25015,-0.413,,,,,25213,0.109
,,25292,-0.623,25115,-0.386,,,,,25313,0.181
,,25392,-0.625,25215,-0.499,,,,,25413,0.266
,,25492,-0.467,25315,-0.182,,,,,25513,0.009
,,25592,-0.478,25415,-0.07,,,,,25613,-0.251
,,25692,-0.578,25515,-0.259,,,,,25713,-0.108
,,25792,-0.644,25615,0.111,,,,,25813,0.133
,,25892,-0.8,25715,0.236,,,,,25913,-0.151
,,25992,-0.668,25815,0.064,,,,,26013,-0.023
,,26092,-0.475,25915,0.084,,,,,26113,0.059
,,26192,-0.276,26015,0.149,,,,,26213,0.161
,,26292,-0.511,26115,0.238,,,,,26313,0.028
,,26392,-0.609,26215,0.087,,,,,26413,0.062
,,26492,-0.65,26315,0.246,,,,,26513,0.053
,,26592,-0.665,26415,0.289,,,,,26613,0.122
,,26692,-0.504,26515,0.232,,,,,26713,0.186
,,26792,-0.45,26615,0.209,,,,,26796,0.071
,,26892,-0.478,26715,0.331,,,,,26879,0.107
,,26992,-0.444,26815,0.351,,,,,26979,0.188
,,27092,-0.545,26915,0.426,,,,,27079,0.155
,,27192,-0.467,27015,0.493,,,,,27163,0.363
,,27292,-0.483,27115,0.383,,,,,27263,0.315
,,27392,-0.413,27215,0.313,,,,,27363,0.187
,,27492,-0.384,27315,0.468,,,,,27463,0.301
,,27592,-0.479,27415,0.455,,,,,27563,0.11
,,27692,-0.641,27515,0.401,,,,,27663,0.304
,,27792,-0.584,27615,0.172,,,,,27763,0.414
,,27875,-0.565,27715,0.336,,,,,27863,0.434
,,27975,-0.488,27815,0.602,,,,,27963,0.318
,,28059,-0.371,27915,0.738,,,,,28063,0.65
,,28159,-0.511,28015,0.63,,,,,28163,0.963
,,28242,-0.29,28115,0.67,,,,,28263,0.737
,,28342,-0.325,28198,0.785,,,,,28363,0.705
,,28442,-0.247,28298,0.696,,,,,28463,0.54
,,28525,-0.381,28398,0.838,,,,,28563,0.55
,,28625,-0.241,28498,0.349,,,,,28646,0.482
,,28725,-0.291,28598,0.306,,,,,28746,0.462
,,28825,-0.332,28698,0.563,,,,,28846,0.473
,,28925,-0.514,28798,0.405,,,,,28946,0.518
,,29025,-0.423,28898,0.482,,,,,29046,0.632
,,29125,-0.337,28998,0.486,,,,,29146,0.639
,,29225,-0.333,29098,0.472,,,,,29246,0.706
,,29325,-0.19,29198,0.496,,,,,29346,0.57
,,29425,-0.321,29298,0.499,,,,,29446,0.744
,,29525,-0.319,29398,0.564,,,,,29546,0.756
,,29626,-0.423,29498,0.496,,,,,29646,0.614
,,29726,-0.364,29598,0.421,,,,,29746,0.668
,,29825,-0.152,29698,0.561,,,,,29846,0.691
,,29925,-0.078,29798,0.394,,,,,29946,0.644
,,30025,-0.397,29898,0.34,,,,,30046,0.508
,,30125,-0.473,29998,0.374,,,,,30146,0.585
,,30209,-0.132,30098,0.417,,,,,30246,1.08
,,30309,-0.248,30198,0.315,,,,,30329,0.643
,,30409,-0.418,30298,0.483,,,,,30429,1.218
,,30492,-0.198,30382,0.51,,,,,30511,0.915
,,30592,-0.239,30465,0.522,,,,,30595,0.933
,,30692,-0.388,30565,0.427,,,,,30695,0.885
,,30775,0.006,30665,0.371,,,,,30795,0.531
,,30876,-0.182,30748,0.475,,,,,30895,0.434
,,30975,0.036,30848,0.466,,,,,30995,0.464
,,31075,-0.232,30932,0.444,,,,,31095,0.417
,,31175,-0.219,31032,0.515,,,,,31195,0.223
,,31275,-0.15,31132,0.442,,,,,31295,0.159
,,31375,-0.584,31232,0.45,,,,,31395,0.21
,,31475,-0.312,31332,0.494,,,,,31495,0.545
,,31576,-0.387,31432,0.409,,,,,31595,0.465
,,31675,-0.662,31532,0.392,,,,,31695,0.474
,,31759,-0.566,31632,0.572,,,,,31795,0.54
,,31859,-0.48,31732,0.457,,,,,31895,0.435
,,31959,-0.518,31832,0.584,,,,,31995,0.442
,,32059,-0.443,31932,0.543,,,,,32095,0.48
,,32159,-0.54,32032,0.431,,,,,32195,0.272
,,32259,-0.537,32132,0.36,,,,,32295,0.381
,,32359,-0.761,32232,0.461,,,,,32395,0.269
,,32459,-0.845,32332,0.47,,,,,32478,0.062
,,32559,-0.678,32432,0.491,,,,,32578,0.167
,,32659,-0.645,32532,0.507,,,,,32661,-0.009
,,32759,-0.715,32632,0.497,,,,,32761,-0.002
,,32859,-0.744,32732,0.453,,,,,32861,0.097
,,32959,-0.861,32832,0.463,,,,,32961,0.121
,,33059,-0.813,32932,0.523,,,,,33061,-0.029
,,33159,-0.793,33032,0.497,,,,,33162,0.011
,,33259,-0.754,33132,0.415,,,,,33261,-0.019
,,33359,-0.682,33231,0.462,,,,,33361,0.08
,,33459,-0.829,33332,0.431,,,,,33461,0.013
,,33559,-0.877,33415,0.482,,,,,33561,-0.071
,,33659,-0.84,33515,0.606,,,,,33662,0.038
,,33759,-0.814,33615,0.549,,,,,33761,0.048
,,33859,-0.789,33715,0.447,,,,,33861,-0.098
,,33959,-0.891,33815,0.424,,,,,33961,0.061
,,34059,-0.79,33915,0.668,,,,,34061,-0.012
,,34159,-0.877,34015,0.563,,,,,34145,-0.11
,,34259,-0.703,34115,0.441,,,,,34245,-0.151
,,34359,-0.673,34215,0.535,,,,,34345,-0.07
,,34459,-0.684,34315,0.362,,,,,34428,-0.043
,,34542,-0.553,34415,0.401,,,,,34528,-0.034
,,34642,-0.607,34515,0.208,,,,,34628,0.059
,,34742,-0.643,34615,0.73,,,,,34711,0.033
,,34826,-0.502,34682,0.505,,,,,34811,0.426
,,34926,-0.487,34782,0.529,,,,,34895,0.238
,,35009,-0.624,34865,0.422,,,,,34995,0.385
,,35109,-0.503,34965,-0.014,,,,,35095,0.28
,,35209,-0.548,35048,-0.017,,,,,35195,0.282
,,35309,-0.565,35132,-0.09,,,,,35295,0.152
,,35409,-0.717,35232,0.151,,,,,35395,0.046
,,35509,-0.61,35332,0.085,,,,,35495,0.005
,,35609,-0.619,35432,0.197,,,,,35595,-0.085
,,35709,-0.571,35532,0.063,,,,,35695,-0.177
,,35792,-0.573,35632,-0.225,,,,,35795,-0.289
,,35892,-0.642,35732,-0.14,,,,,35895,-0.311
,,35992,-0.635,35832,-0.005,,,,,35995,-0.333
,,36076,-0.648,35915,-0.187,,,,,36095,-0.276
,,36175,-0.587,36015,0.266,,,,,36195,-0.401
,,36259,-0.481,36115,-0.266,,,,,36295,-0.249
,,36359,-0.593,36198,-0.289,,,,,36395,-0.531
,,36459,-0.562,36298,-0.701,,,,,36495,-0.39
,,36542,-0.405,36382,-0.645,,,,,36595,-0.386
,,36642,-0.504,36482,-0.988,,,,,36678,-0.442
,,36742,-0.6,36582,-0.897,,,,,36778,-0.316
,,36842,-0.544,36655,-1.173,,,,,36879,-0.258
,,36942,-0.618,36734,-0.716,,,,,36978,-0.293
,,37042,-0.454,36834,-0.472,,,,,37078,-0.321
,,37142,-0.486,36934,0.098,,,,,37162,-0.191
,,37242,-0.518,37034,0.779,,,,,37262,-0.406
,,37342,-0.496,,,,,,,37362,-0.37
,,37442,-0.605,,,,,,,37445,-0.348
,,37542,-0.576,,,,,,,37545,-0.243
,,37642,-0.491,,,,,,,37645,-0.313
,,37742,-0.454,,,,,,,37745,-0.267
,,37842,-0.472,,,,,,,37845,-0.261
,,37942,-0.614,,,,,,,37945,-0.196
,,38042,-0.627,,,,,,,38045,-0.416
,,38142,-0.482,,,,,,,38145,-0.426
,,38242,-0.219,,,,,,,38245,-0.449
,,38343,-0.376,,,,,,,38345,-0.368
,,38442,-0.384,,,,,,,38428,-0.176
,,38542,-0.521,,,,,,,38528,-0.227
,,38642,-0.566,,,,,,,38629,-0.388
,,38742,-0.473,,,,,,,38728,-0.273
,,38842,-0.417,,,,,,,38828,-0.096
,,38942,-0.359,,,,,,,38928,-0.253
,,39042,-0.144,,,,,,,39028,-0.332
,,39142,-0.225,,,,,,,39128,-0.15
,,39243,-0.074,,,,,,,39228,-0.12
,,39342,-0.194,,,,,,,39328,-0.102
,,39442,-0.212,,,,,,,39428,0.14
,,39542,-0.139,,,,,,,39528,0.001
,,39642,-0.21,,,,,,,39629,0.128
,,39743,0.04,,,,,,,39729,0.037
,,39842,-0.036,,,,,,,39828,-0.096
,,39926,0.001,,,,,,,39928,-0.087
,,40026,-0.202,,,,,,,40029,0.009
,,40126,-0.188,,,,,,,40128,0.009
,,40226,-0.133,,,,,,,40228,-0.121
,,40326,-0.142,,,,,,,40328,-0.157
,,40426,-0.124,,,,,,,40428,-0.149
,,40526,-0.143,,,,,,,40529,-0.096
,,40626,-0.027,,,,,,,40629,0.115
,,40726,-0.36,,,,,,,40729,0.294
,,40826,-0.295,,,,,,,40829,0.122
,,40909,-0.298,,,,,,,40912,-0.024
,,41009,-0.233,,,,,,,41012,-0.216
,,41109,-0.338,,,,,,,41112,-0.057
,,41209,-0.225,,,,,,,41196,0.176
,,41309,-0.084,,,,,,,41295,0.196
,,41393,-0.215,,,,,,,41379,-0.063
,,41492,-0.243,,,,,,,41479,-0.148
,,41593,-0.37,,,,,,,41578,0.021
,,41676,-0.275,,,,,,,41678,0.264
,,41776,-0.32,,,,,,,41778,0.158
,,41859,-0.274,,,,,,,41862,0.112
,,41959,-0.329,,,,,,,41962,0.076
,,42059,-0.353,,,,,,,42062,0.266
,,42159,-0.239,,,,,,,42145,0.068
,,42259,-0.235,,,,,,,42245,0.19
,,42359,-0.276,,,,,,,42345,0.276
,,42459,-0.45,,,,,,,42428,0.195
,,42559,-0.281,,,,,,,42528,0.27
,,42659,-0.314,,,,,,,42612,0.146
,,42759,-0.285,,,,,,,42712,0.258
,,42859,-0.282,,,,,,,42812,0.261
,,42959,-0.253,,,,,,,42912,0.273
,,43059,-0.439,,,,,,,43012,0.192
,,43159,-0.484,,,,,,,43112,0.24
,,43259,-0.599,,,,,,,43212,0.243
,,43359,-0.485,,,,,,,43312,0.264
,,43459,-0.407,,,,,,,43412,0.284
,,43559,-0.526,,,,,,,43512,0.232
,,43659,-0.562,,,,,,,43612,0.255
,,43759,-0.664,,,,,,,43712,0.374
,,43859,-0.584,,,,,,,43812,0.207
,,43959,-0.435,,,,,,,43912,0.326
,,44059,-0.309,,,,,,,44012,0.346
,,44159,-0.335,,,,,,,44112,0.535
,,44259,-0.395,,,,,,,44212,0.443
,,44359,-0.442,,,,,,,44312,0.246
,,44459,-0.533,,,,,,,44412,0.248
,,44559,-0.431,,,,,,,44512,0.404
,,44659,-0.339,,,,,,,44595,0.423
,,44759,-0.39,,,,,,,44684,0.448
,,44843,-0.506,,,,,,,44745,0.571
,,44943,-0.472,,,,,,,44845,0.503
,,45043,-0.315,,,,,,,44945,0.392
,,45126,-0.495,,,,,,,45045,0.563
,,45226,-0.428,,,,,,,45145,0.46
,,45326,-0.32,,,,,,,45245,0.727
,,45409,-0.419,,,,,,,45345,0.755
,,45509,-0.286,,,,,,,45445,0.655
,,45593,-0.253,,,,,,,45545,0.831
,,45693,-0.278,,,,,,,45645,0.523
,,45793,-0.43,,,,,,,45745,0.645
,,45893,-0.315,,,,,,,45845,0.501
,,45976,-0.308,,,,,,,45945,0.589
,,46076,-0.199,,,,,,,46045,0.576
,,46176,-0.015,,,,,,,46145,0.784
,,46276,-0.034,,,,,,,46245,0.747
,,46376,-0.016,,,,,,,46345,0.913
,,46476,0.066,,,,,,,46445,1.061
,,46576,-0.04,,,,,,,46512,0.973
,,46676,0.043,,,,,,,46618,0.964
,,46759,0.111,,,,,,,46720,1.208
,,46859,0.038,,,,,,,46785,0.62
,,46959,-0.238,,,,,,,46884,0.319
,,47043,-0.119,,,,,,,46984,0.258
,,47143,-0.185,,,,,,,47067,-0.316
,,47226,-0.104,,,,,,,47167,-0.156
,,47326,-0.24,,,,,,,47251,0.086
,,47426,-0.128,,,,,,,47351,0.089
,,47526,-0.376,,,,,,,47451,0.474
,,47626,-0.283,,,,,,,47551,0.441
,,47726,-0.242,,,,,,,47651,0.304
,,47826,-0.002,,,,,,,47734,0.491
,,47926,0.149,,,,,,,47834,0.564
,,48026,0.002,,,,,,,47935,0.796
,,48126,0.115,,,,,,,48027,0.883
,,48226,-0.034,,,,,,,48107,1.097
,,48326,0.028,,,,,,,48189,0.784
,,48426,0.136,,,,,,,48290,0.828
,,48526,-0.007,,,,,,,48389,0.765
,,48626,-0.156,,,,,,,48489,0.623
,,48726,-0.177,,,,,,,48589,0.69
,,48826,-0.219,,,,,,,48689,0.632
,,48926,-0.2,,,,,,,48789,0.676
,,49026,-0.226,,,,,,,48889,0.59
,,49126,-0.366,,,,,,,48989,0.525
,,49226,-0.267,,,,,,,49089,0.71
,,49326,-0.408,,,,,,,49189,0.731
,,49426,-0.43,,,,,,,49289,0.858
,,49526,-0.385,,,,,,,49373,0.895
,,49626,-0.374,,,,,,,49456,0.906
,,49726,-0.46,,,,,,,49556,0.936
,,49826,-0.528,,,,,,,49656,0.832
,,49926,-0.678,,,,,,,49739,0.893
,,50026,-0.616,,,,,,,49839,0.924
,,50126,-0.515,,,,,,,49939,1.081
,,50226,-0.499,,,,,,,50030,0.773
,,50326,-0.457,,,,,,,50131,0.725
,,50426,-0.513,,,,,,,50231,1.119
,,50526,-0.654,,,,,,,50310,1.042
,,50626,-0.568,,,,,,,50400,0.892
,,50709,-0.462,,,,,,,50500,0.942
,,50809,-0.552,,,,,,,50583,0.721
,,50909,-0.444,,,,,,,50683,0.622
,,51009,-0.391,,,,,,,50783,0.65
,,51110,-0.352,,,,,,,50867,0.628
,,51209,-0.528,,,,,,,50967,0.736
,,51309,-0.575,,,,,,,51067,0.824
,,51409,-0.485,,,,,,,51167,0.85
,,51509,-0.497,,,,,,,51267,0.774
,,51609,-0.314,,,,,,,51367,1.028
,,51710,-0.212,,,,,,,51449,0.951
,,51809,-0.231,,,,,,,51549,1.163
,,51909,-0.212,,,,,,,51638,1.015
,,52009,-0.092,,,,,,,51729,0.944
,,52109,-0.019,,,,,,,51829,1.293
,,52209,-0.226,,,,,,,51924,0.8
,,52309,0.068,,,,,,,52024,1.733
,,52409,-0.127,,,,,,,52106,0.498
,,52509,0.039,,,,,,,52202,0.379
,,52609,0.213,,,,,,,52306,0.36
,,52710,0.216,,,,,,,52406,0.429
,,52809,0.129,,,,,,,52506,0.638
,,52910,-0.311,,,,,,,52606,0.494
,,53009,-0.454,,,,,,,52706,0.626
,,53109,-0.49,,,,,,,52806,0.701
,,53209,-0.334,,,,,,,52906,0.624
,,53310,-0.259,,,,,,,53006,0.772
,,53409,-0.316,,,,,,,53106,0.698
,,53509,-0.375,,,,,,,53206,0.669
,,53609,-0.22,,,,,,,53306,0.702
,,53709,-0.279,,,,,,,53406,0.447
,,53809,-0.326,,,,,,,53506,0.277
,,53909,-0.44,,,,,,,53606,0.205
,,54009,-0.451,,,,,,,53706,0.372
,,54110,-0.272,,,,,,,53806,0.227
,,54193,-0.269,,,,,,,53906,0.303
,,54293,-0.379,,,,,,,54006,0.127
,,54393,-0.305,,,,,,,54106,0.187
,,54493,-0.275,,,,,,,54206,0.401
,,54593,-0.141,,,,,,,54306,0.287
,,54693,-0.054,,,,,,,54406,0.24
,,54793,-0.368,,,,,,,54506,0.33
,,54893,-0.456,,,,,,,54606,0.596
,,54993,-0.305,,,,,,,54706,0.677
,,55093,-0.202,,,,,,,54806,0.511
,,55193,-0.154,,,,,,,54906,0.81
,,55293,-0.018,,,,,,,55006,0.791
,,55393,-0.138,,,,,,,55106,0.75
,,55493,-0.128,,,,,,,55206,0.737
,,55593,-0.157,,,,,,,55306,0.912
,,55693,0.005,,,,,,,55406,0.933
,,55793,-0.126,,,,,,,55506,0.717
,,55893,-0.065,,,,,,,55589,0.961
,,55993,-0.327,,,,,,,55689,0.835
,,56093,-0.375,,,,,,,55789,0.718
,,56193,-0.373,,,,,,,55873,0.682
,,56293,-0.069,,,,,,,55973,0.792
,,56393,0.107,,,,,,,56056,0.866
,,56493,0.273,,,,,,,56156,0.7
,,56593,0.302,,,,,,,56256,0.965
,,56693,0.248,,,,,,,56339,0.815
,,56793,0.178,,,,,,,56439,0.924
,,56893,0.501,,,,,,,56539,0.732
,,56993,0.304,,,,,,,56639,0.461
,,57093,0.277,,,,,,,56739,0.553
,,57193,0.268,,,,,,,56839,0.51
,,57293,0.135,,,,,,,56939,0.647
,,57393,0.337,,,,,,,57039,0.527
,,57493,0.309,,,,,,,57139,0.778
,,57593,0.35,,,,,,,57239,0.877
,,57693,0.217,,,,,,,57339,1.148
,,57793,0.109,,,,,,,57440,1.255
,,57893,0.141,,,,,,,57509,0.932
,,57976,0.06,,,,,,,57608,1.143
,,58060,-0.012,,,,,,,57689,1.213
,,58143,-0.064,,,,,,,57757,0.968
,,58243,-0.113,,,,,,,57859,0.93
,,58326,0.028,,,,,,,57934,0.584
,,58426,0.065,,,,,,,58050,0.51
,,58526,-0.009,,,,,,,58142,0.877
,,58626,-0.03,,,,,,,58235,0.679
,,58726,0.074,,,,,,,58335,0.885
,,58826,0.135,,,,,,,58426,1.07
,,58926,-0.053,,,,,,,58507,1.09
,,59026,-0.142,,,,,,,58583,0.8
,,59110,-0.02,,,,,,,58681,0.592
,,59210,-0.066,,,,,,,58765,0.375
,,59310,-0.179,,,,,,,58865,0.026
,,59393,0.167,,,,,,,58965,0.334
,,59493,-0.007,,,,,,,59048,0.3
,,59576,0.151,,,,,,,59148,0.3
,,59676,0.011,,,,,,,59231,0.385
,,59776,0.183,,,,,,,59331,0.274
,,59860,-0.05,,,,,,,59431,0.257
,,59960,0.112,,,,,,,59531,0.468
,,60060,0.084,,,,,,,59632,0.43
,,60160,0.125,,,,,,,59715,0.487
,,60260,-0.025,,,,,,,59815,0.286
,,60360,-0.053,,,,,,,59915,0.537
,,60460,-0.105,,,,,,,60015,0.386
,,60560,-0.078,,,,,,,60115,0.41
,,60660,0.158,,,,,,,60215,0.573
,,60760,0.262,,,,,,,60315,0.565
,,60860,0.374,,,,,,,60415,0.622
,,60960,0.122,,,,,,,60515,0.74
,,61060,0.179,,,,,,,60615,0.556
,,61160,0.02,,,,,,,60715,0.948
,,61260,-0.051,,,,,,,60815,1.183
,,61360,-0.027,,,,,,,60886,0.968
,,61460,0.005,,,,,,,60993,1.481
,,61560,-0.024,,,,,,,61073,0.712
,,61660,-0.054,,,,,,,61173,0.688
,,61760,0.13,,,,,,,61273,0.973
,,61860,0.136,,,,,,,61373,0.973
,,61960,0.162,,,,,,,61444,0.991
,,62060,-0.051,,,,,,,61505,0.992
,,62160,-0.034,,,,,,,61605,1.142
,,62260,-0.102,,,,,,,61677,1.101
,,62343,-0.063,,,,,,,61742,1.009
,,62443,-0.032,,,,,,,61849,1.016
,,62543,-0.2,,,,,,,61940,0.599
,,62626,0.02,,,,,,,62040,0.215
,,62726,-0.05,,,,,,,62140,0.114
,,62810,0.063,,,,,,,62240,-0.146
,,62910,0.082,,,,,,,62323,0.165
,,63010,0.121,,,,,,,62423,0.043
,,63093,-0.022,,,,,,,62523,-0.073
,,63193,0.069,,,,,,,62623,-0.207
,,63293,-0.063,,,,,,,62723,-0.109
,,63393,0.027,,,,,,,62823,-0.23
,,63493,0.022,,,,,,,62923,-0.114
,,63593,0.071,,,,,,,63023,0.192
,,63693,0.027,,,,,,,63123,0.129
,,63793,0.106,,,,,,,63223,0.107
,,63893,0.147,,,,,,,63323,-0.129
,,63993,0.143,,,,,,,63423,-0.27
,,64093,0.117,,,,,,,63523,-0.274
,,64193,-0.017,,,,,,,63623,-0.353
,,64293,0.095,,,,,,,63723,-0.299
,,64393,0.147,,,,,,,63823,-0.145
,,64493,0.088,,,,,,,63923,0.156
,,64593,0.091,,,,,,,64023,0.294
,,64693,-0.011,,,,,,,64123,0.19
,,64793,-0.02,,,,,,,64223,0.252
,,64893,0.058,,,,,,,64323,0.507
,,64993,0.186,,,,,,,64423,0.482
,,65077,0.076,,,,,,,64523,0.15
,,65176,0.215,,,,,,,64623,0.204
,,65277,0.252,,,,,,,64723,0.35
,,65377,0.145,,,,,,,64823,0.073
,,65477,0.093,,,,,,,64923,-0.018
,,65576,0.098,,,,,,,65023,0.365
,,65677,0.081,,,,,,,65123,0.335
,,65777,0.089,,,,,,,65223,-0.039
,,65877,-0.265,,,,,,,65323,0.288
,,65949,-0.371,,,,,,,65423,0.663
,,66042,0.792,,,,,,,65523,0.682
,,66142,1.135,,,,,,,65623,0.794
,,66225,0.395,,,,,,,65723,0.604
,,66325,0.054,,,,,,,65823,0.537
,,66408,0.201,,,,,,,65923,0.565
,,66508,0.322,,,,,,,66007,0.219
,,66591,0.319,,,,,,,66107,0.458
,,66691,0.46,,,,,,,66207,0.286
,,66791,0.362,,,,,,,66307,0.266
,,66891,0.481,,,,,,,66390,0.241
,,66991,0.2,,,,,,,66474,-0.077
,,67091,0.465,,,,,,,66573,0.031
,,67191,0.543,,,,,,,66673,-0.186
,,67291,0.431,,,,,,,66773,0.024
,,67391,0.336,,,,,,,66873,0.235
,,67491,0.181,,,,,,,66957,0.103
,,67591,0.372,,,,,,,67057,0.067
,,67691,0.328,,,,,,,,
,,67791,0.282,,,,,,,,
,,67891,0.203,,,,,,,,
,,67991,0.314,,,,,,,,
,,68091,0.093,,,,,,,,
,,68191,0.216,,,,,,,,
,,68291,0.252,,,,,,,,
,,68391,0.173,,,,,,,,
,,68491,0.031,,,,,,,,
,,68591,0.023,,,,,,,,
,,68691,-0.14,,,,,,,,
,,68791,0.162,,,,,,,,
,,68891,0.051,,,,,,,,
,,68991,0.035,,,,,,,,
,,69075,0.207,,,,,,,,
,,69175,0.214,,,,,,,,
,,69275,0.221,,,,,,,,
,,69358,0.219,,,,,,,,
,,69458,0.222,,,,,,,,
,,69558,0.165,,,,,,,,
,,69641,0.044,,,,,,,,
,,69741,-0.074,,,,,,,,
,,69842,0.099,,,,,,,,
,,69941,0.054,,,,,,,,
,,70041,-0.076,,,,,,,,
,,70125,0.089,,,,,,,,
,,70225,0.147,,,,,,,,
,,70325,0.075,,,,,,,,
,,70425,-0.183,,,,,,,,
,,70525,-0.149,,,,,,,,
,,70625,-0.079,,,,,,,,
,,70725,-0.046,,,,,,,,
,,70825,-0.052,,,,,,,,
,,70925,-0.158,,,,,,,,
,,71025,-0.197,,,,,,,,
,,71125,-0.127,,,,,,,,
,,71225,-0.289,,,,,,,,
,,71325,-0.082,,,,,,,,
,,71425,-0.061,,,,,,,,
,,71525,-0.042,,,,,,,,
,,71625,-0.095,,,,,,,,
,,71725,0.067,,,,,,,,
,,71825,-0.049,,,,,,,,
,,71925,-0.027,,,,,,,,
,,72025,-0.062,,,,,,,,
,,72125,-0.196,,,,,,,,
,,72225,-0.292,,,,,,,,
,,72325,-0.293,,,,,,,,
,,72425,-0.116,,,,,,,,
,,72525,0.02,,,,,,,,
,,72625,0.039,,,,,,,,
,,72725,-0.053,,,,,,,,
,,72825,-0.072,,,,,,,,
,,72925,-0.006,,,,,,,,
,,73025,0.172,,,,,,,,
,,73125,0.113,,,,,,,,
,,73225,0.098,,,,,,,,
,,73308,0.085,,,,,,,,
,,73408,0.068,,,,,,,,
,,73508,-0.003,,,,,,,,
,,73592,0.095,,,,,,,,
,,73692,0.098,,,,,,,,
,,73792,0.036,,,,,,,,
,,73875,0.049,,,,,,,,
,,73975,-0.02,,,,,,,,
,,74058,-0.108,,,,,,,,
,,74158,0.084,,,,,,,,
,,74258,0.139,,,,,,,,
,,74358,-0.018,,,,,,,,
,,74458,-0.047,,,,,,,,
,,74558,-0.018,,,,,,,,
,,74658,0.042,,,,,,,,
,,74758,0.152,,,,,,,,
,,74858,0.089,,,,,,,,
,,74958,-0.14,,,,,,,,
,,75058,-0.1,,,,,,,,
,,75158,-0.047,,,,,,,,
,,75258,0.111,,,,,,,,
,,75358,0.076,,,,,,,,
,,75458,0.247,,,,,,,,
,,75558,0.0,,,,,,,,
,,75658,-0.198,,,,,,,,
,,75758,0.042,,,,,,,,
,,75858,0.062,,,,,,,,
,,75958,0.065,,,,,,,,
,,76058,0.076,,,,,,,,
,,76158,0.042,,,,,,,,
,,76242,0.115,,,,,,,,
,,76342,0.22,,,,,,,,
,,76425,0.241,,,,,,,,
,,76525,-0.053,,,,,,,,
,,76625,0.005,,,,,,,,
,,76725,0.036,,,,,,,,
,,76825,0.051,,,,,,,,
,,76925,-0.024,,,,,,,,
,,77025,0.043,,,,,,,,
,,77125,-0.068,,,,,,,,
,,77225,0.02,,,,,,,,
,,77325,-0.044,,,,,,,,
,,77425,-0.059,,,,,,,,
,,77525,-0.031,,,,,,,,
,,77625,-0.129,,,,,,,,
,,77725,-0.116,,,,,,,,
,,77825,-0.047,,,,,,,,
,,77925,-0.037,,,,,,,,
,,78025,-0.102,,,,,,,,
,,78125,-0.116,,,,,,,,
,,78225,-0.07,,,,,,,,
,,78325,0.062,,,,,,,,
,,78409,-0.054,,,,,,,,
,,78508,0.118,,,,,,,,
,,78608,0.24,,,,,,,,
,,78692,0.061,,,,,,,,
,,78792,-0.0,,,,,,,,
,,78892,0.032,,,,,,,,
,,78975,0.038,,,,,,,,
,,79075,-0.049,,,,,,,,
,,79159,0.249,,,,,,,,
,,79259,0.213,,,,,,,,
,,79358,-0.031,,,,,,,,
,,79458,0.155,,,,,,,,
,,79558,0.246,,,,,,,,
,,79658,0.221,,,,,,,,
,,79758,0.281,,,,,,,,
,,79858,0.185,,,,,,,,
,,79958,0.082,,,,,,,,
,,80058,0.156,,,,,,,,
,,80158,0.381,,,,,,,,
,,80258,0.219,,,,,,,,
,,80358,0.245,,,,,,,,
,,80458,0.215,,,,,,,,
,,80558,-0.034,,,,,,,,
,,80658,0.185,,,,,,,,
,,80758,0.239,,,,,,,,
,,80858,0.295,,,,,,,,
,,80958,-0.006,,,,,,,,
,,81059,0.007,,,,,,,,
,,81158,-0.076,,,,,,,,
,,81259,0.159,,,,,,,,
,,81358,0.319,,,,,,,,
,,81458,0.295,,,,,,,,
,,81542,0.19,,,,,,,,
,,81642,0.358,,,,,,,,
,,81742,0.198,,,,,,,,
,,81825,0.062,,,,,,,,
,,81925,0.13,,,,,,,,
,,82025,0.162,,,,,,,,
,,82125,0.053,,,,,,,,
,,82225,0.392,,,,,,,,
,,82325,0.381,,,,,,,,
,,82425,0.154,,,,,,,,
,,82525,0.256,,,,,,,,
,,82625,0.366,,,,,,,,
,,82725,0.389,,,,,,,,
,,82825,0.199,,,,,,,,
,,82925,0.156,,,,,,,,
,,83025,0.169,,,,,,,,
,,83125,0.147,,,,,,,,
,,83225,0.198,,,,,,,,
,,83325,0.269,,,,,,,,
,,83425,0.271,,,,,,,,
,,83525,0.176,,,,,,,,
,,83625,0.109,,,,,,,,
,,83725,0.349,,,,,,,,
,,83825,0.378,,,,,,,,
,,83925,0.396,,,,,,,,
,,84025,0.34,,,,,,,,
,,84125,0.293,,,,,,,,
,,84225,0.295,,,,,,,,
,,84325,0.299,,,,,,,,
,,84425,0.494,,,,,,,,
,,84525,0.492,,,,,,,,
,,84625,0.359,,,,,,,,
,,84709,0.509,,,,,,,,
,,84809,0.399,,,,,,,,
,,84892,0.29,,,,,,,,
,,84992,0.52,,,,,,,,
,,85092,0.481,,,,,,,,
,,85192,0.334,,,,,,,,
,,85292,0.274,,,,,,,,
,,85392,0.196,,,,,,,,
,,85492,0.248,,,,,,,,
,,85592,0.487,,,,,,,,
,,85692,0.313,,,,,,,,
,,85792,0.191,,,,,,,,
,,85892,0.106,,,,,,,,
,,85992,0.178,,,,,,,,
,,86092,0.303,,,,,,,,
,,86175,0.319,,,,,,,,
,,86275,0.257,,,,,,,,
,,86375,0.266,,,,,,,,
,,86475,0.296,,,,,,,,
,,86575,0.281,,,,,,,,
,,86675,0.498,,,,,,,,
,,86775,0.466,,,,,,,,
,,86875,0.516,,,,,,,,
,,86975,0.223,,,,,,,,
,,87075,0.388,,,,,,,,
,,87175,0.524,,,,,,,,
,,87275,0.342,,,,,,,,
,,87375,0.355,,,,,,,,
,,87476,0.297,,,,,,,,
,,87575,0.394,,,,,,,,
,,87675,0.391,,,,,,,,
,,87775,0.404,,,,,,,,
,,87875,0.326,,,,,,,,
,,87975,0.267,,,,,,,,
,,88075,0.296,,,,,,,,
,,88175,0.149,,,,,,,,
,,88275,0.254,,,,,,,,
,,88375,0.316,,,,,,,,
,,88475,0.379,,,,,,,,
,,88575,0.509,,,,,,,,
,,88659,0.478,,,,,,,,
,,88759,0.473,,,,,,,,
,,88859,0.35,,,,,,,,
,,88959,0.208,,,,,,,,
,,89059,0.36,,,,,,,,
,,89159,0.452,,,,,,,,
,,89259,0.017,,,,,,,,
,,89342,0.001,,,,,,,,
,,89442,-0.115,,,,,,,,
,,89542,-0.033,,,,,,,,
,,89642,-0.012,,,,,,,,
,,89742,0.298,,,,,,,,
,,89842,0.001,,,,,,,,
,,89942,0.04,,,,,,,,
,,90042,0.212,,,,,,,,
,,90142,0.45,,,,,,,,
,,90242,0.389,,,,,,,,
,,90342,0.14,,,,,,,,
,,90442,-0.019,,,,,,,,
,,90542,-0.144,,,,,,,,
,,90642,0.035,,,,,,,,
,,90742,-0.121,,,,,,,,
,,90842,-0.189,,,,,,,,
,,90942,-0.118,,,,,,,,
,,91042,-0.212,,,,,,,,
,,91142,-0.26,,,,,,,,
,,91242,-0.255,,,,,,,,
,,91342,-0.021,,,,,,,,
,,91442,-0.014,,,,,,,,
,,91542,-0.112,,,,,,,,
,,91642,-0.187,,,,,,,,
,,91742,-0.193,,,,,,,,
,,91842,-0.198,,,,,,,,
,,91942,0.056,,,,,,,,
,,92042,-0.004,,,,,,,,
,,92142,-0.158,,,,,,,,
,,92242,-0.113,,,,,,,,
,,92342,-0.031,,,,,,,,
,,92442,0.182,,,,,,,,
,,92542,0.493,,,,,,,,
,,92642,0.458,,,,,,,,
,,92742,0.552,,,,,,,,
,,92826,0.18,,,,,,,,
,,92926,0.086,,,,,,,,
,,93025,0.006,,,,,,,,
,,93126,-0.079,,,,,,,,
,,93226,-0.029,,,,,,,,
,,93326,-0.228,,,,,,,,
,,93426,-0.22,,,,,,,,
,,93525,-0.358,,,,,,,,
,,93626,-0.44,,,,,,,,
,,93726,-0.479,,,,,,,,
,,93809,-0.361,,,,,,,,
,,93909,-0.064,,,,,,,,
,,94009,0.088,,,,,,,,
,,94109,-0.019,,,,,,,,
,,94209,-0.05,,,,,,,,
,,94309,-0.217,,,,,,,,
,,94392,-0.356,,,,,,,,
,,94492,-0.187,,,,,,,,
,,94592,-0.137,,,,,,,,
,,94692,-0.045,,,,,,,,
,,94792,-0.228,,,,,,,,
,,94892,-0.311,,,,,,,,
,,94992,-0.419,,,,,,,,
,,95092,-0.453,,,,,,,,
,,95192,-0.322,,,,,,,,
,,95292,-0.198,,,,,,,,
,,95392,-0.34,,,,,,,,
,,95492,-0.449,,,,,,,,
,,95592,-0.338,,,,,,,,
,,95692,-0.244,,,,,,,,
,,95792,-0.046,,,,,,,,
,,95892,-0.037,,,,,,,,
,,95992,-0.022,,,,,,,,
,,96092,0.05,,,,,,,,
,,96192,0.012,,,,,,,,
,,96292,-0.054,,,,,,,,
,,96392,0.004,,,,,,,,
,,96492,0.159,,,,,,,,
,,96592,-0.048,,,,,,,,
,,96692,0.078,,,,,,,,
,,96792,-0.074,,,,,,,,
,,96892,0.044,,,,,,,,
,,96992,0.267,,,,,,,,
,,97092,0.191,,,,,,,,
,,97192,0.16,,,,,,,,
,,97292,0.132,,,,,,,,
,,97392,0.084,,,,,,,,
,,97492,0.027,,,,,,,,
,,97592,0.258,,,,,,,,
,,97692,-0.149,,,,,,,,
,,97792,-0.121,,,,,,,,
,,97892,-0.218,,,,,,,,
,,97992,-0.116,,,,,,,,
,,98076,-0.24,,,,,,,,
,,98176,-0.198,,,,,,,,
,,98276,-0.162,,,,,,,,
,,98359,-0.189,,,,,,,,
,,98459,-0.289,,,,,,,,
,,98559,-0.238,,,,,,,,
,,98642,-0.151,,,,,,,,
,,98742,-0.11,,,,,,,,
,,98826,-0.098,,,,,,,,
,,98926,-0.161,,,,,,,,
,,99026,-0.264,,,,,,,,
,,99126,-0.119,,,,,,,,
,,99226,-0.092,,,,,,,,
,,99326,0.038,,,,,,,,
,,99426,-0.107,,,,,,,,
,,99526,-0.146,,,,,,,,
,,99626,-0.295,,,,,,,,
,,99726,0.027,,,,,,,,
,,99826,-0.132,,,,,,,,
,,99926,-0.106,,,,,,,,
,,100026,-0.213,,,,,,,,
,,100126,-0.122,,,,,,,,
,,100226,-0.147,,,,,,,,
,,100309,0.007,,,,,,,,
,,100392,-0.056,,,,,,,,
,,100476,-0.076,,,,,,,,
,,100576,0.047,,,,,,,,
,,100659,-0.0,,,,,,,,
,,100759,-0.001,,,,,,,,
,,100859,0.131,,,,,,,,
,,100959,0.093,,,,,,,,
,,101059,0.231,,,,,,,,
,,101159,0.269,,,,,,,,
,,101259,0.285,,,,,,,,
,,101359,-0.021,,,,,,,,
,,101459,-0.08,,,,,,,,
,,101559,0.122,,,,,,,,
,,101659,0.273,,,,,,,,
,,101759,-0.269,,,,,,,,
,,101859,-0.166,,,,,,,,
,,101959,-0.159,,,,,,,,
,,102059,-0.024,,,,,,,,
,,102159,0.253,,,,,,,,
,,102259,0.489,,,,,,,,
,,102359,0.449,,,,,,,,
,,102459,0.296,,,,,,,,
,,102559,-0.128,,,,,,,,
,,102659,-0.069,,,,,,,,
,,102759,0.097,,,,,,,,
,,102859,0.061,,,,,,,,
,,102959,0.399,,,,,,,,
,,103059,0.38,,,,,,,,
,,103159,0.331,,,,,,,,
,,103259,-0.076,,,,,,,,
,,103359,-0.206,,,,,,,,
,,103459,-0.235,,,,,,,,
,,103559,-0.009,,,,,,,,
,,103643,-0.085,,,,,,,,
,,103743,0.15,,,,,,,,
,,103843,0.517,,,,,,,,
,,103926,0.553,,,,,,,,
,,104026,0.126,,,,,,,,
,,104126,0.008,,,,,,,,
,,104212,-0.895,,,,,,,,
,,104304,-0.598,,,,,,,,
,,104404,-1.163,,,,,,,,
,,104470,-0.796,,,,,,,,
,,104569,0.052,,,,,,,,
,,104669,-0.124,,,,,,,,
,,104753,0.092,,,,,,,,
,,104853,0.104,,,,,,,,
,,104953,-0.182,,,,,,,,
,,105036,-0.299,,,,,,,,
,,105136,-0.167,,,,,,,,
,,105236,-0.451,,,,,,,,
,,105336,-0.583,,,,,,,,
,,105436,-0.611,,,,,,,,
,,105519,-0.679,,,,,,,,
,,105620,-0.561,,,,,,,,
,,105719,-0.27,,,,,,,,
,,105819,-0.098,,,,,,,,
,,105919,0.066,,,,,,,,
,,106019,-0.018,,,,,,,,
,,106119,0.045,,,,,,,,
,,106219,-0.059,,,,,,,,
,,106319,-0.072,,,,,,,,
,,106419,-0.138,,,,,,,,
,,106520,-0.011,,,,,,,,
,,106619,0.091,,,,,,,,
,,106719,0.123,,,,,,,,
,,106819,0.049,,,,,,,,
,,106919,-0.16,,,,,,,,
,,107019,-0.019,,,,,,,,
,,107119,0.013,,,,,,,,
,,107219,0.123,,,,,,,,
,,107319,-0.018,,,,,,,,
,,107419,-0.011,,,,,,,,
,,107519,-0.014,,,,,,,,
,,107603,0.002,,,,,,,,
,,107686,-0.098,,,,,,,,
,,107786,0.002,,,,,,,,
,,107886,-0.002,,,,,,,,
,,107986,-0.157,,,,,,,,
,,108086,-0.201,,,,,,,,
,,108186,-0.045,,,,,,,,
,,108286,0.151,,,,,,,,
,,108386,-0.005,,,,,,,,
,,108486,-0.009,,,,,,,,
,,108586,0.043,,,,,,,,
,,108686,0.124,,,,,,,,
,,108786,-0.151,,,,,,,,
,,108886,-0.153,,,,,,,,
,,108986,-0.109,,,,,,,,
,,109086,-0.186,,,,,,,,
,,109186,-0.231,,,,,,,,
,,109286,-0.026,,,,,,,,
,,109386,-0.097,,,,,,,,
,,109486,-0.172,,,,,,,,
,,109586,-0.173,,,,,,,,
,,109686,-0.108,,,,,,,,
,,109786,-0.279,,,,,,,,
,,109870,-0.378,,,,,,,,
,,109970,-0.403,,,,,,,,
,,110070,-0.176,,,,,,,,
,,110153,-0.238,,,,,,,,
,,110253,-0.181,,,,,,,,
,,110353,-0.178,,,,,,,,
,,110436,-0.099,,,,,,,,
,,110536,-0.302,,,,,,,,
,,110636,-0.188,,,,,,,,
,,110736,-0.206,,,,,,,,
,,110836,-0.256,,,,,,,,
,,110919,-0.236,,,,,,,,
,,111020,-0.229,,,,,,,,
,,111119,-0.117,,,,,,,,
,,111220,0.007,,,,,,,,
,,111319,-0.107,,,,,,,,
,,111420,-0.237,,,,,,,,
,,111520,-0.409,,,,,,,,
,,111620,-0.253,,,,,,,,
,,111720,-0.017,,,,,,,,
,,111820,-0.251,,,,,,,,
,,111920,-0.469,,,,,,,,
,,112020,-0.31,,,,,,,,
,,112120,-0.286,,,,,,,,
,,112220,-0.216,,,,,,,,
,,112320,-0.228,,,,,,,,
,,112420,-0.102,,,,,,,,
,,112520,-0.117,,,,,,,,
,,112620,-0.197,,,,,,,,
,,112720,-0.077,,,,,,,,
,,112820,-0.176,,,,,,,,
,,112920,-0.161,,,,,,,,
,,113020,-0.09,,,,,,,,
,,113120,-0.126,,,,,,,,
,,113220,0.04,,,,,,,,
,,113320,-0.029,,,,,,,,
,,113420,0.129,,,,,,,,
,,113503,0.084,,,,,,,,
,,113603,-0.005,,,,,,,,
,,113686,0.168,,,,,,,,
,,113786,0.013,,,,,,,,
,,113887,-0.019,,,,,,,,
,,113986,0.113,,,,,,,,
,,114086,0.284,,,,,,,,
,,114186,0.206,,,,,,,,
,,114286,0.022,,,,,,,,
,,114387,0.151,,,,,,,,
,,114486,-0.04,,,,,,,,
,,114586,0.041,,,,,,,,
,,114686,-0.043,,,,,,,,
,,114786,-0.142,,,,,,,,
,,114887,0.041,,,,,,,,
,,114986,0.005,,,,,,,,
,,115086,0.037,,,,,,,,
,,115186,0.039,,,,,,,,
,,115287,0.435,,,,,,,,
,,115370,0.225,,,,,,,,
,,115470,0.256,,,,,,,,
,,115570,0.249,,,,,,,,
,,115670,0.296,,,,,,,,
,,115770,0.249,,,,,,,,
,,115870,0.224,,,,,,,,
,,115970,0.043,,,,,,,,
,,116070,0.172,,,,,,,,
,,116170,-0.046,,,,,,,,
,,116270,0.147,,,,,,,,
,,116370,-0.013,,,,,,,,
,,116470,0.104,,,,,,,,
,,116570,0.138,,,,,,,,
,,116670,0.076,,,,,,,,
,,116770,0.056,,,,,,,,
,,116870,-0.054,,,,,,,,
,,116970,-0.006,,,,,,,,
,,117070,-0.173,,,,,,,,
,,117170,-0.241,,,,,,,,
,,117270,-0.083,,,,,,,,
,,117370,0.059,,,,,,,,
,,117470,-0.01,,,,,,,,
,,117570,0.032,,,,,,,,
,,117670,0.05,,,,,,,,
,,117770,-0.012,,,,,,,,
,,117870,-0.002,,,,,,,,
,,117970,-0.056,,,,,,,,
,,118070,-0.055,,,,,,,,
,,118170,0.237,,,,,,,,
,,118270,0.058,,,,,,,,
,,118370,0.267,,,,,,,,
,,118470,0.041,,,,,,,,
,,118570,-0.126,,,,,,,,
,,118670,-0.502,,,,,,,,
,,118770,-0.654,,,,,,,,
,,118870,-0.557,,,,,,,,
,,118970,-0.526,,,,,,,,
,,119070,-0.254,,,,,,,,
,,119170,-0.302,,,,,,,,
,,119253,-0.241,,,,,,,,
,,119353,-0.162,,,,,,,,
,,119453,-0.307,,,,,,,,
,,119536,-0.195,,,,,,,,
,,119636,-0.292,,,,,,,,
,,119720,-0.082,,,,,,,,
,,119820,-0.189,,,,,,,,
,,119920,-0.18,,,,,,,,
,,120020,-0.028,,,,,,,,
,,120120,0.173,,,,,,,,
,,120220,0.114,,,,,,,,
,,120320,0.009,,,,,,,,
,,120420,0.203,,,,,,,,
,,120520,0.025,,,,,,,,
,,120620,-0.26,,,,,,,,
,,120720,-0.113,,,,,,,,
,,120820,-0.184,,,,,,,,
,,120920,-0.1,,,,,,,,
,,121003,-0.084,,,,,,,,
,,121103,-0.049,,,,,,,,
,,121203,-0.113,,,,,,,,
,,121287,0.012,,,,,,,,
,,121387,-0.123,,,,,,,,
,,121470,-0.039,,,,,,,,
,,121570,0.086,,,,,,,,
,,121670,0.094,,,,,,,,
,,121753,-0.104,,,,,,,,
,,121853,0.065,,,,,,,,
,,121953,0.002,,,,,,,,
,,122053,0.078,,,,,,,,
,,122153,0.059,,,,,,,,
,,122253,0.009,,,,,,,,
,,122353,0.022,,,,,,,,
,,122453,0.038,,,,,,,,
,,122553,0.141,,,,,,,,
,,122653,0.152,,,,,,,,
,,122753,0.197,,,,,,,,
,,122853,0.134,,,,,,,,
,,122953,0.178,,,,,,,,
,,123053,0.246,,,,,,,,
,,123153,0.113,,,,,,,,
,,123253,-0.134,,,,,,,,
,,123353,-0.377,,,,,,,,
,,123453,-0.215,,,,,,,,
,,123553,-0.102,,,,,,,,
,,123653,-0.146,,,,,,,,
,,123753,-0.059,,,,,,,,
,,123853,-0.063,,,,,,,,
,,123953,0.112,,,,,,,,
,,124053,0.265,,,,,,,,
,,124153,-0.108,,,,,,,,
,,124253,0.016,,,,,,,,
,,124353,0.159,,,,,,,,
,,124453,0.288,,,,,,,,
,,124553,0.176,,,,,,,,
,,124653,0.304,,,,,,,,
,,124753,0.193,,,,,,,,
,,124853,0.1,,,,,,,,
,,124953,0.217,,,,,,,,
,,125053,0.069,,,,,,,,
,,125153,0.148,,,,,,,,
,,125237,0.121,,,,,,,,
,,125337,0.159,,,,,,,,
,,125437,0.279,,,,,,,,
,,125537,0.195,,,,,,,,
,,125637,0.192,,,,,,,,
,,125737,0.176,,,,,,,,
,,125837,0.174,,,,,,,,
,,125937,0.008,,,,,,,,
,,126037,0.17,,,,,,,,
,,126137,0.315,,,,,,,,
,,126237,0.307,,,,,,,,
,,126337,0.35,,,,,,,,
,,126420,0.239,,,,,,,,
,,126520,0.453,,,,,,,,
,,126620,0.487,,,,,,,,
,,126720,0.485,,,,,,,,
,,126820,0.445,,,,,,,,
,,126920,0.243,,,,,,,,
,,127020,0.367,,,,,,,,
,,127120,0.224,,,,,,,,
,,127220,0.341,,,,,,,,
,,127320,0.366,,,,,,,,
,,127420,0.384,,,,,,,,
,,127520,0.362,,,,,,,,
,,127620,0.435,,,,,,,,
,,127720,0.35,,,,,,,,
,,127820,0.313,,,,,,,,
,,127920,0.564,,,,,,,,
,,128020,0.766,,,,,,,,
,,128120,0.463,,,,,,,,
,,128220,0.169,,,,,,,,
,,128320,0.032,,,,,,,,
,,128404,0.029,,,,,,,,
,,128503,0.111,,,,,,,,
,,128603,0.38,,,,,,,,
,,128687,0.185,,,,,,,,
,,128787,0.157,,,,,,,,
,,128887,0.31,,,,,,,,
,,128970,0.312,,,,,,,,
,,129070,0.18,,,,,,,,
,,129154,0.308,,,,,,,,
,,129253,0.262,,,,,,,,
,,129354,0.353,,,,,,,,
,,129453,0.231,,,,,,,,
,,129553,0.112,,,,,,,,
,,129654,0.649,,,,,,,,
,,129753,0.56,,,,,,,,
,,129854,0.598,,,,,,,,
,,129953,0.222,,,,,,,,
,,130053,0.242,,,,,,,,
,,130153,0.252,,,,,,,,
,,130253,0.586,,,,,,,,
,,130353,0.657,,,,,,,,
,,130454,0.595,,,,,,,,
,,130554,0.679,,,,,,,,
,,130653,0.536,,,,,,,,
,,130754,-0.007,,,,,,,,
,,130854,-0.291,,,,,,,,
,,130953,-0.306,,,,,,,,
,,131053,-0.048,,,,,,,,
,,131137,0.215,,,,,,,,
,,131220,0.104,,,,,,,,
,,131320,-0.095,,,,,,,,
,,131420,-0.759,,,,,,,,
,,131520,-1.066,,,,,,,,
,,131600,-0.883,,,,,,,,
,,131700,-0.609,,,,,,,,
,,131800,-0.424,,,,,,,,
,,131900,-0.345,,,,,,,,
,,132000,0.165,,,,,,,,
,,132100,0.124,,,,,,,,
,,132200,0.077,,,,,,,,
,,132300,0.282,,,,,,,,
,,132400,-0.025,,,,,,,,
,,132500,-0.425,,,,,,,,
,,132600,-0.315,,,,,,,,
,,132700,-0.02,,,,,,,,
,,132800,-0.176,,,,,,,,
,,132900,-0.237,,,,,,,,
,,133000,0.021,,,,,,,,
,,133100,0.289,,,,,,,,
,,133200,0.104,,,,,,,,
,,133300,-0.173,,,,,,,,
,,133400,-0.398,,,,,,,,
